1,Event_1,Description for Event_1,Location_10,03-03-24,06-03-24,HPB,Challenge,1,12-07-24,61,49
2,Event_2,Description for Event_2,Location_7,14-01-24,16-01-24,HPB,Challenge,1,15-01-22,105,4
3,Event_3,Description for Event_3,Location_1,01-09-22,02-09-22,HPB,Workshop,1,21-06-24,141,12
4,Event_4,Description for Event_4,Location_8,10-04-24,11-04-24,School,Workshop,1,24-09-24,120,45
5,Event_5,Description for Event_5,Location_10,17-06-24,20-06-24,School,Workshop,1,10-06-22,168,16
6,Event_6,Description for Event_6,Location_7,22-08-23,25-08-23,HPB,Workshop,1,02-09-24,163,27
7,Event_7,Description for Event_7,Location_4,02-10-23,05-10-23,HPB,Social,1,18-05-24,196,25
8,Event_8,Description for Event_8,Location_7,12-03-22,13-03-22,HPB,Sports,1,19-08-23,95,12
9,Event_9,Description for Event_9,Location_4,03-11-22,06-11-22,HPB,Social,1,11-11-22,143,1
10,Event_10,Description for Event_10,Location_1,15-08-22,18-08-22,HPB,Social,1,05-10-22,169,24
11,Event_11,Description for Event_11,Location_4,19-02-23,20-02-23,HPB,Sports,1,09-04-23,184,38
12,Event_12,Description for Event_12,Location_4,21-04-24,24-04-24,HPB,Workshop,1,24-01-24,120,14
13,Event_13,Description for Event_13,Location_2,03-04-24,05-04-24,HPB,Workshop,1,29-08-24,74,40
14,Event_14,Description for Event_14,Location_6,04-05-23,05-05-23,HPB,Social,1,30-11-23,200,13
15,Event_15,Description for Event_15,Location_8,14-04-23,17-04-23,HPB,Social,1,27-11-24,176,19
16,Event_16,Description for Event_16,Location_9,21-01-24,23-01-24,HPB,Sports,1,13-08-23,70,18
17,Event_17,Description for Event_17,Location_8,06-08-23,09-08-23,HPB,Sports,1,02-10-23,136,12
18,Event_18,Description for Event_18,Location_3,28-06-22,30-06-22,HPB,Social,1,20-12-23,140,24
19,Event_19,Description for Event_19,Location_1,31-03-22,01-04-22,HPB,Sports,1,31-01-24,52,7
20,Event_20,Description for Event_20,Location_1,26-08-24,28-08-24,HPB,Workshop,1,01-09-23,147,6
21,Event_21,Description for Event_21,Location_4,31-07-22,02-08-22,HPB,Sports,1,12-03-23,136,35
22,Event_22,Description for Event_22,Location_6,02-06-23,05-06-23,HPB,Sports,1,26-11-22,93,47
23,Event_23,Description for Event_23,Location_5,30-11-22,01-12-22,HPB,Social,1,23-07-22,141,20
24,Event_24,Description for Event_24,Location_3,10-07-22,12-07-22,HPB,Challenge,1,03-07-22,118,14
25,Event_25,Description for Event_25,Location_8,23-11-23,25-11-23,HPB,Sports,1,22-04-24,149,49
26,Event_26,Description for Event_26,Location_1,01-04-22,03-04-22,HPB,Sports,1,04-08-23,102,9
27,Event_27,Description for Event_27,Location_5,08-05-22,09-05-22,HPB,Sports,1,12-07-23,71,19
28,Event_28,Description for Event_28,Location_5,30-09-24,02-10-24,HPB,Workshop,1,11-09-23,166,28
29,Event_29,Description for Event_29,Location_9,30-07-23,02-08-23,HPB,Social,1,09-05-24,162,44
30,Event_30,Description for Event_30,Location_8,19-02-22,20-02-22,HPB,Sports,1,17-10-24,123,36
31,Event_31,Description for Event_31,Location_3,08-06-24,11-06-24,HPB,Sports,1,28-10-22,157,3
32,Event_32,Description for Event_32,Location_10,11-11-23,12-11-23,HPB,Social,1,09-07-24,55,31
33,Event_33,Description for Event_33,Location_10,26-10-23,29-10-23,HPB,Workshop,1,05-12-22,119,2
34,Event_34,Description for Event_34,Location_1,02-05-24,04-05-24,HPB,Sports,1,12-03-22,68,17
35,Event_35,Description for Event_35,Location_8,28-08-24,29-08-24,HPB,Workshop,1,12-05-23,193,18
36,Event_36,Description for Event_36,Location_9,05-02-23,07-02-23,HPB,Sports,1,08-12-22,163,5
37,Event_37,Description for Event_37,Location_5,29-10-24,01-11-24,HPB,Seminar,1,02-01-23,106,15
38,Event_38,Description for Event_38,Location_1,28-11-22,30-11-22,HPB,Workshop,1,06-02-22,189,45
39,Event_39,Description for Event_39,Location_8,29-10-24,30-10-24,HPB,Sports,1,29-07-24,175,42
40,Event_40,Description for Event_40,Location_9,15-11-22,16-11-22,HPB,Challenge,1,05-03-24,102,0
41,Event_41,Description for Event_41,Location_10,13-03-22,16-03-22,HPB,Sports,1,15-11-23,175,33
42,Event_42,Description for Event_42,Location_9,06-12-22,07-12-22,HPB,Workshop,1,22-06-24,120,16
43,Event_43,Description for Event_43,Location_5,14-09-23,17-09-23,HPB,Sports,1,15-08-23,80,23
44,Event_44,Description for Event_44,Location_7,17-08-22,19-08-22,HPB,Social,1,01-11-22,134,20
45,Event_45,Description for Event_45,Location_4,09-09-24,11-09-24,HPB,Social,1,12-12-24,82,42
46,Event_46,Description for Event_46,Location_5,16-01-23,18-01-23,HPB,Sports,1,14-06-22,59,24
47,Event_47,Description for Event_47,Location_7,11-12-22,14-12-22,HPB,Workshop,1,30-12-24,159,12
48,Event_48,Description for Event_48,Location_3,03-12-24,04-12-24,HPB,Workshop,1,04-04-23,116,4
49,Event_49,Description for Event_49,Location_1,05-07-24,06-07-24,HPB,Workshop,1,20-12-22,187,50
50,Event_50,Description for Event_50,Location_1,26-02-24,29-02-24,HPB,Sports,1,02-06-24,74,19